{"cameraMode":{"drawMode":0,"name":"Shaded","section":"Shading Mode"},"sceneLighting":true,"audioPlay":false,"sceneViewState":{"m_AlwaysRefresh":false,"showFog":true,"showSkybox":true,"showFlares":true,"showImageEffects":true,"showParticleSystems":true,"showVisualEffectGraphs":true,"m_FxEnabled":true},"in2DMode":false,"pivot":{"x":-12.495831489562989,"y":0.37796616554260256,"z":-12.647588729858399},"rotation":{"x":-0.23017586767673493,"y":0.5029642581939697,"z":-0.14098703861236573,"w":-0.8210927248001099},"size":5.174710750579834,"orthographic":false}